Image Data ID,Subject,Group,Sex,Age,Visit,Modality,Description,Type,Acq Date,Format,Downloaded
I45108,002_S_0295,CN,M,85,sc,MRI,MPR; GradWarp; B1 Correction; N3; Scaled,Pre-processed,4/18/2006,NiFTI,
I45117,002_S_0413,CN,F,76,sc,MRI,MPR; GradWarp; B1 Correction; N3; Scaled,Pre-processed,5/02/2006,NiFTI,
I40683,002_S_0685,CN,F,90,sc,MRI,MPR; GradWarp; B1 Correction; N3; Scaled,Pre-processed,7/06/2006,NiFTI,
I40731,002_S_0816,AD,M,71,sc,MRI,MPR; GradWarp; B1 Correction; N3; Scaled,Pre-processed,8/30/2006,NiFTI,
I40980,002_S_0938,AD,F,82,sc,MRI,MPR; GradWarp; B1 Correction; N3; Scaled,Pre-processed,10/05/2006,NiFTI,
I40817,002_S_1018,AD,F,71,sc,MRI,MPR; GradWarp; B1 Correction; N3; Scaled,Pre-processed,11/29/2006,NiFTI,
I62377,002_S_1261,CN,F,71,sc,MRI,MPR; GradWarp; B1 Correction; N3; Scaled,Pre-processed,2/15/2007,NiFTI,
I60056,002_S_1280,CN,F,71,sc,MRI,MPR; GradWarp; B1 Correction; N3; Scaled,Pre-processed,2/13/2007,NiFTI,
I52781,003_S_0907,CN,F,89,sc,MRI,MPR; GradWarp; B1 Correction; N3; Scaled,Pre-processed,9/11/2006,NiFTI,
I72128,005_S_0221,AD,M,68,sc,MRI,MPR; GradWarp; B1 Correction; N3; Scaled,Pre-processed,2/22/2006,NiFTI,
I32855,005_S_0223,CN,F,78,sc,MRI,MPR; GradWarp; B1 Correction; N3; Scaled,Pre-processed,2/28/2006,NiFTI,
I32644,005_S_0553,CN,M,85,sc,MRI,MPR; GradWarp; B1 Correction; N3; Scaled,Pre-processed,6/14/2006,NiFTI,
I32672,005_S_0602,CN,M,71,sc,MRI,MPR; GradWarp; B1 Correction; N3; Scaled,Pre-processed,6/29/2006,NiFTI,
I32667,005_S_0610,CN,M,79,sc,MRI,MPR; GradWarp; B1 Correction; N3; Scaled,Pre-processed,6/21/2006,NiFTI,
I74591,005_S_0814,AD,F,71,sc,MRI,MPR; GradWarp; B1 Correction; N3; Scaled,Pre-processed,8/30/2006,NiFTI,
I60417,005_S_1341,AD,F,72,sc,MRI,MPR; GradWarp; B1 Correction; N3; Scaled,Pre-processed,3/07/2007,NiFTI,
I92305,006_S_0681,CN,F,77,sc,MRI,MPR; GradWarp; B1 Correction; N3; Scaled,Pre-processed,8/31/2006,NiFTI,
I90848,006_S_0731,CN,M,72,sc,MRI,MPR; GradWarp; B1 Correction; N3; Scaled,Pre-processed,8/28/2006,NiFTI,
I56319,007_S_1339,AD,F,80,sc,MRI,MPR; GradWarp; B1 Correction; N3; Scaled,Pre-processed,2/22/2007,NiFTI,
I101528,009_S_0751,CN,M,71,sc,MRI,MPR; GradWarp; N3; Scaled,Pre-processed,7/25/2006,NiFTI,
I89575,009_S_0842,CN,M,74,sc,MRI,MPR; GradWarp; N3; Scaled,Pre-processed,9/07/2006,NiFTI,
I121228,009_S_0862,CN,F,74,sc,MRI,MPR; GradWarp; N3; Scaled,Pre-processed,9/19/2006,NiFTI,
I96211,010_S_0067,CN,M,75,sc,MRI,MPR; ; N3; Scaled,Pre-processed,11/30/2005,NiFTI,
I63320,010_S_0419,CN,M,70,sc,MRI,MPR; ; N3; Scaled,Pre-processed,5/16/2006,NiFTI,
I62630,010_S_0472,CN,M,73,sc,MRI,MPR; ; N3; Scaled,Pre-processed,11/22/2006,NiFTI,
I65597,010_S_0786,AD,M,75,sc,MRI,MPR; ; N3; Scaled,Pre-processed,9/27/2006,NiFTI,
I63349,010_S_0829,AD,F,65,sc,MRI,MPR; ; N3; Scaled,Pre-processed,2/08/2007,NiFTI,
I32270,011_S_0010,AD,F,74,sc,MRI,MPR; GradWarp; B1 Correction; N3; Scaled,Pre-processed,11/07/2005,NiFTI,
I32306,011_S_0016,CN,M,66,sc,MRI,MPR; GradWarp; B1 Correction; N3; Scaled,Pre-processed,9/27/2005,NiFTI,
I32332,011_S_0021,CN,F,73,sc,MRI,MPR; GradWarp; B1 Correction; N3; Scaled,Pre-processed,10/10/2005,NiFTI,
I32409,011_S_0023,CN,M,72,sc,MRI,MPR; GradWarp; B1 Correction; N3; Scaled,Pre-processed,10/31/2005,NiFTI,
I32003,011_S_0183,AD,F,72,sc,MRI,MPR; GradWarp; B1 Correction; N3; Scaled,Pre-processed,3/03/2006,NiFTI,
I59243,012_S_0637,CN,F,76,sc,MRI,MPR; ; N3; Scaled,Pre-processed,6/16/2006,NiFTI,
I92401,012_S_0712,AD,M,77,sc,MRI,MPR; ; N3; Scaled,Pre-processed,6/29/2006,NiFTI,
I92529,012_S_0720,AD,F,78,sc,MRI,MPR; ; N3; Scaled,Pre-processed,8/09/2006,NiFTI,
I59250,012_S_0803,AD,F,85,sc,MRI,MPR; ; N3; Scaled,Pre-processed,9/22/2006,NiFTI,
I64717,012_S_1009,CN,M,76,sc,MRI,MPR; ; N3; Scaled,Pre-processed,11/01/2006,NiFTI,
I59224,012_S_1133,CN,F,80,sc,MRI,MPR; ; N3; Scaled,Pre-processed,1/12/2007,NiFTI,
I51138,013_S_0502,CN,M,75,sc,MRI,MPR; GradWarp; B1 Correction; N3; Scaled,Pre-processed,7/25/2006,NiFTI,
I51165,013_S_1035,CN,M,87,sc,MRI,MPR; GradWarp; B1 Correction; N3; Scaled,Pre-processed,11/02/2006,NiFTI,
I51542,013_S_1205,AD,M,83,sc,MRI,MPR; GradWarp; B1 Correction; N3; Scaled,Pre-processed,1/11/2007,NiFTI,
I39620,014_S_0328,AD,M,77,sc,MRI,MPR; GradWarp; B1 Correction; N3; Scaled,Pre-processed,3/22/2006,NiFTI,
I39647,014_S_0519,CN,M,74,sc,MRI,MPR; GradWarp; B1 Correction; N3; Scaled,Pre-processed,5/12/2006,NiFTI,
I39665,014_S_0548,CN,F,74,sc,MRI,MPR; GradWarp; B1 Correction; N3; Scaled,Pre-processed,5/25/2006,NiFTI,
I39683,014_S_0558,CN,M,80,sc,MRI,MPR; GradWarp; B1 Correction; N3; Scaled,Pre-processed,6/21/2006,NiFTI,
I45740,014_S_1095,AD,F,80,sc,MRI,MPR; GradWarp; B1 Correction; N3; Scaled,Pre-processed,12/03/2006,NiFTI,
I96221,016_S_0359,CN,F,81,sc,MRI,MPR; GradWarp; B1 Correction; N3; Scaled,Pre-processed,4/06/2006,NiFTI,
I40772,016_S_0538,CN,M,83,sc,MRI,MPR; GradWarp; B1 Correction; N3; Scaled,Pre-processed,8/02/2006,NiFTI,
I36485,018_S_0043,CN,M,76,sc,MRI,MPR; ; N3; Scaled,Pre-processed,12/08/2005,NiFTI,
I86354,018_S_0055,CN,M,76,sc,MRI,MPR; ; N3; Scaled,Pre-processed,12/01/2005,NiFTI,
I37007,018_S_0286,AD,M,66,sc,MRI,MPR; ; N3; Scaled,Pre-processed,3/23/2006,NiFTI,
I35009,018_S_0335,AD,F,84,sc,MRI,MPR; ; N3; Scaled,Pre-processed,5/16/2006,NiFTI,
I37194,018_S_0369,CN,M,76,sc,MRI,MPR; ; N3; Scaled,Pre-processed,3/30/2006,NiFTI,
I63383,018_S_0425,CN,M,86,sc,MRI,MPR; ; N3; Scaled,Pre-processed,4/19/2006,NiFTI,
I35044,018_S_0682,AD,M,68,sc,MRI,MPR; ; N3; Scaled,Pre-processed,7/06/2006,NiFTI,
I64046,020_S_0097,CN,F,73,sc,MRI,MPR; GradWarp; B1 Correction; N3; Scaled,Pre-processed,1/12/2006,NiFTI,
I60600,020_S_0213,AD,M,63,sc,MRI,MPR; GradWarp; B1 Correction; N3; Scaled,Pre-processed,3/22/2006,NiFTI,
I60673,020_S_0883,CN,F,76,sc,MRI,MPR; GradWarp; B1 Correction; N3; Scaled,Pre-processed,9/15/2006,NiFTI,
I60618,020_S_0899,CN,F,80,sc,MRI,MPR; GradWarp; B1 Correction; N3; Scaled,Pre-processed,9/25/2006,NiFTI,
I60664,020_S_1288,CN,M,60,sc,MRI,MPR; GradWarp; B1 Correction; N3; Scaled,Pre-processed,2/21/2007,NiFTI,
I33437,021_S_0337,CN,M,76,sc,MRI,MPR; GradWarp; N3; Scaled,Pre-processed,3/28/2006,NiFTI,
I33444,021_S_0343,AD,M,72,sc,MRI,MPR; GradWarp; N3; Scaled,Pre-processed,4/06/2006,NiFTI,
I33452,021_S_0642,AD,M,85,sc,MRI,MPR; GradWarp; N3; Scaled,Pre-processed,6/28/2006,NiFTI,
I33457,021_S_0647,CN,M,73,sc,MRI,MPR; GradWarp; N3; Scaled,Pre-processed,6/29/2006,NiFTI,
I33461,021_S_0753,AD,M,66,sc,MRI,MPR; GradWarp; N3; Scaled,Pre-processed,8/04/2006,NiFTI,
I33476,021_S_0984,CN,M,77,sc,MRI,MPR; GradWarp; N3; Scaled,Pre-processed,10/23/2006,NiFTI,
I62695,021_S_1109,AD,F,78,sc,MRI,MPR; GradWarp; N3; Scaled,Pre-processed,12/05/2006,NiFTI,
I59375,022_S_0014,CN,F,79,sc,MRI,MPR; GradWarp; B1 Correction; N3; Scaled,Pre-processed,9/29/2005,NiFTI,
I59446,022_S_0066,CN,M,75,sc,MRI,MPR; GradWarp; B1 Correction; N3; Scaled,Pre-processed,11/23/2005,NiFTI,
I59456,022_S_0096,CN,M,80,sc,MRI,MPR; GradWarp; B1 Correction; N3; Scaled,Pre-processed,1/18/2006,NiFTI,
I59484,022_S_0129,AD,F,80,sc,MRI,MPR; GradWarp; B1 Correction; N3; Scaled,Pre-processed,2/06/2006,NiFTI,
I59524,022_S_0130,CN,M,73,sc,MRI,MPR; GradWarp; B1 Correction; N3; Scaled,Pre-processed,1/23/2006,NiFTI,
I69612,023_S_0031,CN,F,78,sc,MRI,MPR; GradWarp; B1 Correction; N3; Scaled,Pre-processed,10/12/2005,NiFTI,
I108504,023_S_0058,CN,M,70,sc,MRI,MPR; GradWarp; B1 Correction; N3; Scaled,Pre-processed,11/30/2005,NiFTI,
I31125,023_S_0081,CN,M,71,sc,MRI,MPR; GradWarp; B1 Correction; N3; Scaled,Pre-processed,1/10/2006,NiFTI,
I31143,023_S_0083,AD,M,73,sc,MRI,MPR; GradWarp; B1 Correction; N3; Scaled,Pre-processed,12/14/2005,NiFTI,
I31300,023_S_0139,AD,F,66,sc,MRI,MPR; GradWarp; B1 Correction; N3; Scaled,Pre-processed,1/24/2006,NiFTI,
I31533,023_S_0916,AD,M,80,sc,MRI,MPR; GradWarp; B1 Correction; N3; Scaled,Pre-processed,9/22/2006,NiFTI,
I31547,023_S_0926,CN,F,71,sc,MRI,MPR; GradWarp; B1 Correction; N3; Scaled,Pre-processed,9/27/2006,NiFTI,
I89417,023_S_0963,CN,M,73,sc,MRI,MPR; GradWarp; B1 Correction; N3; Scaled,Pre-processed,10/04/2006,NiFTI,
I46417,023_S_1190,CN,F,77,sc,MRI,MPR; GradWarp; B1 Correction; N3; Scaled,Pre-processed,1/08/2007,NiFTI,
I62433,023_S_1262,AD,F,73,sc,MRI,MPR; GradWarp; B1 Correction; N3; Scaled,Pre-processed,2/09/2007,NiFTI,
I63406,024_S_1171,AD,M,72,sc,MRI,MPR; GradWarp; B1 Correction; N3; Scaled,Pre-processed,1/04/2007,NiFTI,
I63415,024_S_1307,AD,F,75,sc,MRI,MPR; GradWarp; B1 Correction; N3; Scaled,Pre-processed,2/23/2007,NiFTI,
I34316,027_S_0074,CN,M,78,sc,MRI,MPR; GradWarp; B1 Correction; N3; Scaled,Pre-processed,12/09/2005,NiFTI,
I34114,027_S_0118,CN,M,81,sc,MRI,MPR; GradWarp; B1 Correction; N3; Scaled,Pre-processed,2/24/2006,NiFTI,
I34332,027_S_0120,CN,M,72,sc,MRI,MPR; GradWarp; B1 Correction; N3; Scaled,Pre-processed,2/06/2006,NiFTI,
I34204,027_S_0404,AD,F,88,sc,MRI,MPR; GradWarp; B1 Correction; N3; Scaled,Pre-processed,4/27/2006,NiFTI,
I48996,027_S_0850,AD,M,78,sc,MRI,MPR; GradWarp; B1 Correction; N3; Scaled,Pre-processed,9/06/2006,NiFTI,
I47168,027_S_1081,AD,M,85,sc,MRI,MPR; GradWarp; B1 Correction; N3; Scaled,Pre-processed,1/22/2007,NiFTI,
I47228,027_S_1254,AD,M,84,sc,MRI,MPR; GradWarp; B1 Correction; N3; Scaled,Pre-processed,1/31/2007,NiFTI,
I47574,027_S_1385,AD,F,70,sc,MRI,MPR; GradWarp; B1 Correction; N3; Scaled,Pre-processed,2/28/2007,NiFTI,
I96284,029_S_0824,CN,F,76,sc,MRI,MPR; GradWarp; B1 Correction; N3; Scaled,Pre-processed,8/22/2006,NiFTI,
I65013,029_S_0836,AD,M,83,sc,MRI,MPR; GradWarp; B1 Correction; N3; Scaled,Pre-processed,8/23/2006,NiFTI,
I66997,029_S_0843,CN,M,71,sc,MRI,MPR; GradWarp; B1 Correction; N3; Scaled,Pre-processed,9/13/2006,NiFTI,
I64867,029_S_0845,CN,M,80,sc,MRI,MPR; GradWarp; B1 Correction; N3; Scaled,Pre-processed,9/12/2006,NiFTI,
I65611,029_S_0866,CN,F,80,sc,MRI,MPR; GradWarp; B1 Correction; N3; Scaled,Pre-processed,9/13/2006,NiFTI,
I65383,031_S_0321,AD,M,68,sc,MRI,MPR; GradWarp; N3; Scaled,Pre-processed,3/21/2006,NiFTI,
I67441,031_S_1209,AD,F,72,sc,MRI,MPR; GradWarp; N3; Scaled,Pre-processed,1/12/2007,NiFTI,
I63424,032_S_0095,CN,M,71,sc,MRI,MPR; ; N3; Scaled,Pre-processed,12/22/2005,NiFTI,
I37210,032_S_0147,AD,F,60,sc,MRI,MPR; ; N3; Scaled,Pre-processed,1/26/2006,NiFTI,
I36459,032_S_0400,AD,M,69,sc,MRI,MPR; ; N3; Scaled,Pre-processed,4/17/2006,NiFTI,
I36469,032_S_0479,CN,F,74,sc,MRI,MPR; ; N3; Scaled,Pre-processed,5/15/2006,NiFTI,
I37228,032_S_0677,CN,M,71,sc,MRI,MPR; ; N3; Scaled,Pre-processed,6/29/2006,NiFTI,
I63442,032_S_1101,AD,F,71,sc,MRI,MPR; ; N3; Scaled,Pre-processed,11/21/2006,NiFTI,
I42308,033_S_0516,CN,M,88,sc,MRI,MPR; GradWarp; B1 Correction; N3; Scaled,Pre-processed,5/22/2006,NiFTI,
I42400,033_S_0724,AD,M,79,sc,MRI,MPR; GradWarp; B1 Correction; N3; Scaled,Pre-processed,7/26/2006,NiFTI,
I42425,033_S_0733,AD,F,57,sc,MRI,MPR; GradWarp; B1 Correction; N3; Scaled,Pre-processed,7/18/2006,NiFTI,
I42434,033_S_0734,CN,M,73,sc,MRI,MPR; GradWarp; B1 Correction; N3; Scaled,Pre-processed,7/18/2006,NiFTI,
I42441,033_S_0739,AD,M,83,sc,MRI,MPR; GradWarp; B1 Correction; N3; Scaled,Pre-processed,7/19/2006,NiFTI,
I42450,033_S_0741,CN,F,80,sc,MRI,MPR; GradWarp; B1 Correction; N3; Scaled,Pre-processed,7/19/2006,NiFTI,
I42509,033_S_0923,CN,M,83,sc,MRI,MPR; GradWarp; B1 Correction; N3; Scaled,Pre-processed,9/29/2006,NiFTI,
I42772,033_S_1016,CN,F,78,sc,MRI,MPR; GradWarp; B1 Correction; N3; Scaled,Pre-processed,11/01/2006,NiFTI,
I42785,033_S_1086,CN,M,82,sc,MRI,MPR; GradWarp; B1 Correction; N3; Scaled,Pre-processed,12/06/2006,NiFTI,
I54785,033_S_1283,AD,M,60,sc,MRI,MPR; GradWarp; B1 Correction; N3; Scaled,Pre-processed,2/07/2007,NiFTI,
I51588,033_S_1285,AD,F,80,sc,MRI,MPR; GradWarp; B1 Correction; N3; Scaled,Pre-processed,2/06/2007,NiFTI,
I45183,035_S_0048,CN,M,78,sc,MRI,MPR; GradWarp; B1 Correction; N3; Scaled,Pre-processed,11/22/2005,NiFTI,
I39533,035_S_0156,CN,M,74,sc,MRI,MPR; GradWarp; B1 Correction; N3; Scaled,Pre-processed,1/31/2006,NiFTI,
I45213,035_S_0341,AD,M,74,sc,MRI,MPR; GradWarp; B1 Correction; N3; Scaled,Pre-processed,4/06/2006,NiFTI,
I36903,036_S_0576,CN,M,78,sc,MRI,MPR; GradWarp; B1 Correction; N3; Scaled,Pre-processed,6/01/2006,NiFTI,
I36914,036_S_0577,AD,F,72,sc,MRI,MPR; GradWarp; B1 Correction; N3; Scaled,Pre-processed,5/26/2006,NiFTI,
I36938,036_S_0672,CN,F,62,sc,MRI,MPR; GradWarp; B1 Correction; N3; Scaled,Pre-processed,7/21/2006,NiFTI,
I36969,036_S_0759,AD,F,82,sc,MRI,MPR; GradWarp; B1 Correction; N3; Scaled,Pre-processed,8/22/2006,NiFTI,
I38652,036_S_0760,AD,F,69,sc,MRI,MPR; GradWarp; B1 Correction; N3; Scaled,Pre-processed,8/25/2006,NiFTI,
I36979,036_S_0813,CN,M,73,sc,MRI,MPR; GradWarp; B1 Correction; N3; Scaled,Pre-processed,8/25/2006,NiFTI,
I38661,036_S_1001,AD,M,69,sc,MRI,MPR; GradWarp; B1 Correction; N3; Scaled,Pre-processed,11/20/2006,NiFTI,
I79732,037_S_0327,CN,M,70,sc,MRI,MPR; GradWarp; N3; Scaled,Pre-processed,4/19/2006,NiFTI,
I79755,037_S_0454,CN,F,82,sc,MRI,MPR; GradWarp; N3; Scaled,Pre-processed,5/09/2006,NiFTI,
I108505,037_S_0467,CN,F,81,sc,MRI,MPR; GradWarp; N3; Scaled,Pre-processed,5/02/2006,NiFTI,
I79831,037_S_0627,AD,F,59,sc,MRI,MPR; GradWarp; N3; Scaled,Pre-processed,7/06/2006,NiFTI,
I35671,041_S_0125,CN,M,74,sc,MRI,MPR; GradWarp; B1 Correction; N3; Scaled,Pre-processed,1/13/2006,NiFTI,
I124897,041_S_0262,CN,M,86,sc,MRI,MPR; GradWarp; B1 Correction; N3; Scaled,Pre-processed,3/17/2006,NiFTI,
I34698,041_S_0898,CN,F,83,sc,MRI,MPR; GradWarp; B1 Correction; N3; Scaled,Pre-processed,10/18/2006,NiFTI,
I65220,041_S_1002,CN,F,76,sc,MRI,MPR; GradWarp; B1 Correction; N3; Scaled,Pre-processed,12/08/2006,NiFTI,
I65248,041_S_1368,AD,F,75,sc,MRI,MPR; GradWarp; B1 Correction; N3; Scaled,Pre-processed,3/05/2007,NiFTI,
I58043,051_S_1123,CN,F,76,sc,MRI,MPR; GradWarp; B1 Correction; N3; Scaled,Pre-processed,12/15/2006,NiFTI,
I58022,051_S_1296,AD,M,77,sc,MRI,MPR; GradWarp; B1 Correction; N3; Scaled,Pre-processed,2/12/2007,NiFTI,
I64170,052_S_0951,CN,M,85,sc,MRI,MPR; GradWarp; B1 Correction; N3; Scaled,Pre-processed,10/19/2006,NiFTI,
I62240,052_S_1250,CN,F,73,sc,MRI,MPR; GradWarp; B1 Correction; N3; Scaled,Pre-processed,2/02/2007,NiFTI,
I62282,052_S_1251,CN,F,74,sc,MRI,MPR; GradWarp; B1 Correction; N3; Scaled,Pre-processed,2/09/2007,NiFTI,
I34725,057_S_0643,CN,F,71,sc,MRI,MPR; GradWarp; B1 Correction; N3; Scaled,Pre-processed,6/21/2006,NiFTI,
I34734,057_S_0934,CN,F,70,sc,MRI,MPR; GradWarp; B1 Correction; N3; Scaled,Pre-processed,10/04/2006,NiFTI,
I63014,057_S_1379,AD,M,88,sc,MRI,MPR; GradWarp; B1 Correction; N3; Scaled,Pre-processed,3/21/2007,NiFTI,
I50426,062_S_0535,AD,M,77,sc,MRI,MPR; GradWarp; B1 Correction; N3; Scaled,Pre-processed,5/18/2006,NiFTI,
I50459,062_S_0578,CN,F,77,sc,MRI,MPR; GradWarp; B1 Correction; N3; Scaled,Pre-processed,5/30/2006,NiFTI,
I50468,062_S_0690,AD,M,80,sc,MRI,MPR; GradWarp; B1 Correction; N3; Scaled,Pre-processed,7/18/2006,NiFTI,
I50487,062_S_0730,AD,F,71,sc,MRI,MPR; GradWarp; B1 Correction; N3; Scaled,Pre-processed,7/19/2006,NiFTI,
I50506,062_S_0768,CN,M,77,sc,MRI,MPR; GradWarp; B1 Correction; N3; Scaled,Pre-processed,8/02/2006,NiFTI,
I50524,062_S_0793,AD,M,69,sc,MRI,MPR; GradWarp; B1 Correction; N3; Scaled,Pre-processed,8/24/2006,NiFTI,
I50557,062_S_1099,CN,F,79,sc,MRI,MPR; GradWarp; B1 Correction; N3; Scaled,Pre-processed,11/20/2006,NiFTI,
I45228,067_S_0019,CN,F,73,sc,MRI,MPR; GradWarp; B1 Correction; N3; Scaled,Pre-processed,10/12/2005,NiFTI,
I38717,067_S_0029,AD,M,64,sc,MRI,MPR; GradWarp; B1 Correction; N3; Scaled,Pre-processed,10/14/2005,NiFTI,
I35893,067_S_0056,CN,F,70,sc,MRI,MPR; GradWarp; B1 Correction; N3; Scaled,Pre-processed,11/09/2005,NiFTI,
I35902,067_S_0059,CN,F,71,sc,MRI,MPR; GradWarp; B1 Correction; N3; Scaled,Pre-processed,12/12/2005,NiFTI,
I35911,067_S_0076,AD,M,78,sc,MRI,MPR; GradWarp; B1 Correction; N3; Scaled,Pre-processed,12/06/2005,NiFTI,
I34806,067_S_0177,CN,F,75,sc,MRI,MPR; GradWarp; B1 Correction; N3; Scaled,Pre-processed,3/10/2006,NiFTI,
I34824,067_S_0257,CN,F,79,sc,MRI,MPR; GradWarp; B1 Correction; N3; Scaled,Pre-processed,5/19/2006,NiFTI,
I63454,068_S_0109,AD,F,70,sc,MRI,MPR; ; N3; Scaled,Pre-processed,1/03/2006,NiFTI,
I63111,068_S_0127,CN,M,71,sc,MRI,MPR; ; N3; Scaled,Pre-processed,2/14/2006,NiFTI,
I63114,068_S_0210,CN,F,72,sc,MRI,MPR; ; N3; Scaled,Pre-processed,2/16/2006,NiFTI,
I140334,068_S_0473,CN,M,73,sc,MRI,MPR; ; N3; Scaled,Pre-processed,5/03/2006,NiFTI,
I86438,072_S_0315,CN,M,72,sc,MRI,MPR; ; N3; Scaled,Pre-processed,3/29/2006,NiFTI,
I39868,073_S_0311,CN,F,78,sc,MRI,MPR; GradWarp; B1 Correction; N3; Scaled,Pre-processed,5/31/2006,NiFTI,
I39881,073_S_0312,CN,M,83,sc,MRI,MPR; GradWarp; B1 Correction; N3; Scaled,Pre-processed,5/31/2006,NiFTI,
I49680,073_S_0386,CN,F,72,sc,MRI,MPR; GradWarp; B1 Correction; N3; Scaled,Pre-processed,4/20/2006,NiFTI,
I39919,073_S_0565,AD,M,75,sc,MRI,MPR; GradWarp; B1 Correction; N3; Scaled,Pre-processed,6/21/2006,NiFTI,
I63155,082_S_1256,CN,F,72,sc,MRI,MPR; GradWarp; B1 Correction; N3; Scaled,Pre-processed,2/16/2007,NiFTI,
I47295,094_S_0692,CN,F,77,sc,MRI,MPR; GradWarp; B1 Correction; N3; Scaled,Pre-processed,7/21/2006,NiFTI,
I39137,094_S_0711,CN,M,77,sc,MRI,MPR; GradWarp; B1 Correction; N3; Scaled,Pre-processed,7/10/2006,NiFTI,
I63176,094_S_1090,AD,M,71,sc,MRI,MPR; GradWarp; B1 Correction; N3; Scaled,Pre-processed,12/04/2006,NiFTI,
I67223,094_S_1164,AD,F,70,sc,MRI,MPR; GradWarp; B1 Correction; N3; Scaled,Pre-processed,12/11/2006,NiFTI,
I66069,094_S_1241,CN,M,72,sc,MRI,MPR; GradWarp; B1 Correction; N3; Scaled,Pre-processed,2/16/2007,NiFTI,
I80718,094_S_1267,CN,M,73,sc,MRI,MPR; GradWarp; B1 Correction; N3; Scaled,Pre-processed,3/16/2007,NiFTI,
I66078,094_S_1402,AD,M,69,sc,MRI,MPR; GradWarp; B1 Correction; N3; Scaled,Pre-processed,5/10/2007,NiFTI,
I89429,098_S_0149,AD,M,88,sc,MRI,MPR; GradWarp; B1 Correction; N3; Scaled,Pre-processed,1/22/2006,NiFTI,
I65757,098_S_0172,CN,F,71,sc,MRI,MPR; GradWarp; B1 Correction; N3; Scaled,Pre-processed,2/26/2006,NiFTI,
I56031,098_S_0896,CN,M,77,sc,MRI,MPR; GradWarp; B1 Correction; N3; Scaled,Pre-processed,9/25/2006,NiFTI,
I35841,099_S_0090,CN,M,70,sc,MRI,MPR; GradWarp; B1 Correction; N3; Scaled,Pre-processed,1/11/2006,NiFTI,
I34537,099_S_0352,CN,F,77,sc,MRI,MPR; GradWarp; B1 Correction; N3; Scaled,Pre-processed,4/07/2006,NiFTI,
I33074,100_S_0035,CN,M,77,sc,MRI,MPR; ; N3; Scaled,Pre-processed,10/20/2005,NiFTI,
I33105,100_S_0069,CN,M,73,sc,MRI,MPR; ; N3; Scaled,Pre-processed,12/13/2005,NiFTI,
I55044,109_S_0967,CN,M,77,sc,MRI,MPR; GradWarp; B1 Correction; N3; Scaled,Pre-processed,10/23/2006,NiFTI,
I63479,109_S_1014,CN,F,85,sc,MRI,MPR; GradWarp; B1 Correction; N3; Scaled,Pre-processed,12/28/2006,NiFTI,
I66158,109_S_1157,AD,F,85,sc,MRI,MPR; GradWarp; B1 Correction; N3; Scaled,Pre-processed,1/03/2007,NiFTI,
I39810,114_S_0166,CN,F,73,sc,MRI,MPR; GradWarp; B1 Correction; N3; Scaled,Pre-processed,2/10/2006,NiFTI,
I39817,114_S_0374,AD,F,76,sc,MRI,MPR; GradWarp; B1 Correction; N3; Scaled,Pre-processed,4/10/2006,NiFTI,
I39850,114_S_0601,CN,F,77,sc,MRI,MPR; GradWarp; B1 Correction; N3; Scaled,Pre-processed,6/05/2006,NiFTI,
I39859,114_S_0979,AD,M,86,sc,MRI,MPR; GradWarp; B1 Correction; N3; Scaled,Pre-processed,11/01/2006,NiFTI,
I59725,116_S_0382,CN,F,76,sc,MRI,MPR; GradWarp; N3; Scaled,Pre-processed,5/15/2006,NiFTI,
I59690,116_S_0392,AD,F,85,sc,MRI,MPR; GradWarp; N3; Scaled,Pre-processed,6/05/2006,NiFTI,
I59666,116_S_0648,CN,F,72,sc,MRI,MPR; GradWarp; N3; Scaled,Pre-processed,8/03/2006,NiFTI,
I59739,116_S_0657,CN,F,78,sc,MRI,MPR; GradWarp; N3; Scaled,Pre-processed,8/24/2006,NiFTI,
I59711,116_S_1232,CN,F,72,sc,MRI,MPR; GradWarp; N3; Scaled,Pre-processed,1/24/2007,NiFTI,
I64395,123_S_0072,CN,M,71,sc,MRI,MPR; ; N3; Scaled,Pre-processed,1/04/2006,NiFTI,
I64400,123_S_0088,AD,M,66,sc,MRI,MPR; ; N3; Scaled,Pre-processed,1/06/2006,NiFTI,
I64405,123_S_0091,AD,M,62,sc,MRI,MPR; ; N3; Scaled,Pre-processed,12/23/2005,NiFTI,
I64410,123_S_0094,AD,F,71,sc,MRI,MPR; ; N3; Scaled,Pre-processed,12/28/2005,NiFTI,
I65478,123_S_0106,CN,F,73,sc,MRI,MPR; ; N3; Scaled,Pre-processed,1/20/2006,NiFTI,
I63551,123_S_0113,CN,M,75,sc,MRI,MPR; ; N3; Scaled,Pre-processed,3/08/2006,NiFTI,
I38861,126_S_0605,CN,F,76,sc,MRI,MPR; GradWarp; B1 Correction; N3; Scaled,Pre-processed,6/15/2006,NiFTI,
I38926,126_S_0680,CN,M,78,sc,MRI,MPR; GradWarp; B1 Correction; N3; Scaled,Pre-processed,7/05/2006,NiFTI,
I39054,126_S_0891,AD,F,79,sc,MRI,MPR; GradWarp; B1 Correction; N3; Scaled,Pre-processed,9/25/2006,NiFTI,
I34362,127_S_0259,CN,M,71,sc,MRI,MPR; GradWarp; B1 Correction; N3; Scaled,Pre-processed,3/13/2006,NiFTI,
I34443,127_S_0431,AD,M,84,sc,MRI,MPR; GradWarp; B1 Correction; N3; Scaled,Pre-processed,5/17/2006,NiFTI,
I34452,127_S_0622,CN,F,75,sc,MRI,MPR; GradWarp; B1 Correction; N3; Scaled,Pre-processed,6/13/2006,NiFTI,
I34458,127_S_0684,CN,F,77,sc,MRI,MPR; GradWarp; B1 Correction; N3; Scaled,Pre-processed,7/13/2006,NiFTI,
I80760,127_S_0754,AD,F,68,sc,MRI,MPR; GradWarp; B1 Correction; N3; Scaled,Pre-processed,9/05/2006,NiFTI,
I66310,127_S_1382,AD,M,64,sc,MRI,MPR; GradWarp; B1 Correction; N3; Scaled,Pre-processed,3/16/2007,NiFTI,
I98875,128_S_0863,CN,M,79,sc,MRI,MPR; GradWarp; B1 Correction; N3; Scaled,Pre-processed,9/25/2006,NiFTI,
I134505,128_S_1242,CN,F,71,sc,MRI,MPR; GradWarp; N3; Scaled,Pre-processed,2/05/2007,NiFTI,
I91135,129_S_0778,CN,M,73,sc,MRI,MPR; GradWarp; N3; Scaled,Pre-processed,8/14/2006,NiFTI,
I39108,130_S_0232,CN,M,78,sc,MRI,MPR; GradWarp; B1 Correction; N3; Scaled,Pre-processed,3/01/2006,NiFTI,
I39171,130_S_0886,CN,F,71,sc,MRI,MPR; GradWarp; B1 Correction; N3; Scaled,Pre-processed,9/29/2006,NiFTI,
I39185,130_S_0956,AD,F,64,sc,MRI,MPR; GradWarp; B1 Correction; N3; Scaled,Pre-processed,10/20/2006,NiFTI,
I63757,130_S_1201,AD,F,76,sc,MRI,MPR; GradWarp; B1 Correction; N3; Scaled,Pre-processed,1/15/2007,NiFTI,
I63766,130_S_1290,AD,F,79,sc,MRI,MPR; GradWarp; B1 Correction; N3; Scaled,Pre-processed,2/07/2007,NiFTI,
I63775,130_S_1337,AD,M,71,sc,MRI,MPR; GradWarp; B1 Correction; N3; Scaled,Pre-processed,3/05/2007,NiFTI,
I63784,131_S_0123,CN,M,73,sc,MRI,MPR; GradWarp; B1 Correction; N3; Scaled,Pre-processed,1/19/2006,NiFTI,
I48029,131_S_0441,CN,F,73,sc,MRI,MPR; GradWarp; B1 Correction; N3; Scaled,Pre-processed,4/24/2006,NiFTI,
I92406,131_S_0457,AD,F,83,sc,MRI,MPR; GradWarp; B1 Correction; N3; Scaled,Pre-processed,5/03/2006,NiFTI,
I48038,131_S_0497,AD,M,76,sc,MRI,MPR; GradWarp; B1 Correction; N3; Scaled,Pre-processed,6/07/2006,NiFTI,
I63793,131_S_1301,CN,F,72,sc,MRI,MPR; GradWarp; B1 Correction; N3; Scaled,Pre-processed,2/21/2007,NiFTI,
I39937,133_S_0433,CN,F,86,sc,MRI,MPR; GradWarp; B1 Correction; N3; Scaled,Pre-processed,5/03/2006,NiFTI,
I107934,133_S_0488,CN,F,71,sc,MRI,MPR; GradWarp; B1 Correction; N3; Scaled,Pre-processed,5/09/2006,NiFTI,
I39980,133_S_0525,CN,F,70,sc,MRI,MPR; GradWarp; B1 Correction; N3; Scaled,Pre-processed,5/30/2006,NiFTI,
I89957,133_S_1170,AD,M,73,sc,MRI,MPR; GradWarp; B1 Correction; N3; Scaled,Pre-processed,12/29/2006,NiFTI,
I40179,136_S_0184,CN,F,78,sc,MRI,MPR; GradWarp; B1 Correction; N3; Scaled,Pre-processed,3/06/2006,NiFTI,
I40201,136_S_0186,CN,F,81,sc,MRI,MPR; GradWarp; B1 Correction; N3; Scaled,Pre-processed,2/24/2006,NiFTI,
I40260,136_S_0196,CN,F,78,sc,MRI,MPR; GradWarp; B1 Correction; N3; Scaled,Pre-processed,4/17/2006,NiFTI,
I40312,136_S_0299,AD,F,89,sc,MRI,MPR; GradWarp; B1 Correction; N3; Scaled,Pre-processed,5/01/2006,NiFTI,
I40328,136_S_0300,AD,M,56,sc,MRI,MPR; GradWarp; B1 Correction; N3; Scaled,Pre-processed,5/09/2006,NiFTI,
I40356,136_S_0426,AD,M,80,sc,MRI,MPR; GradWarp; B1 Correction; N3; Scaled,Pre-processed,5/16/2006,NiFTI,
I66428,137_S_0283,CN,M,78,sc,MRI,MPR; GradWarp; N3; Scaled,Pre-processed,3/15/2006,NiFTI,
I45881,137_S_0301,CN,F,74,sc,MRI,MPR; GradWarp; N3; Scaled,Pre-processed,3/30/2006,NiFTI,
I46608,137_S_0366,AD,F,57,sc,MRI,MPR; GradWarp; N3; Scaled,Pre-processed,5/10/2006,NiFTI,
I46629,137_S_0459,CN,M,73,sc,MRI,MPR; GradWarp; N3; Scaled,Pre-processed,4/25/2006,NiFTI,
I46668,137_S_0686,CN,M,72,sc,MRI,MPR; GradWarp; N3; Scaled,Pre-processed,7/03/2006,NiFTI,
I89979,137_S_0796,AD,M,80,sc,MRI,MPR; GradWarp; N3; Scaled,Pre-processed,8/21/2006,NiFTI,
I45933,137_S_0972,CN,M,78,sc,MRI,MPR; GradWarp; N3; Scaled,Pre-processed,12/04/2006,NiFTI,
I82738,141_S_0696,AD,F,74,sc,MRI,MPR; GradWarp; B1 Correction; N3; Scaled,Pre-processed,8/25/2006,NiFTI,
I94824,141_S_0726,CN,M,81,sc,MRI,MPR; GradWarp; B1 Correction; N3; Scaled,Pre-processed,8/27/2006,NiFTI,
I91253,141_S_0790,AD,F,83,sc,MRI,MPR; GradWarp; B1 Correction; N3; Scaled,Pre-processed,9/10/2006,NiFTI,
I112292,141_S_0853,AD,M,87,sc,MRI,MPR; GradWarp; B1 Correction; N3; Scaled,Pre-processed,8/27/2006,NiFTI,
I47732,141_S_1094,CN,M,76,sc,MRI,MPR; GradWarp; B1 Correction; N3; Scaled,Pre-processed,11/21/2006,NiFTI,
I48581,141_S_1137,AD,F,82,sc,MRI,MPR; GradWarp; B1 Correction; N3; Scaled,Pre-processed,12/19/2006,NiFTI,
I48590,141_S_1152,AD,F,71,sc,MRI,MPR; GradWarp; B1 Correction; N3; Scaled,Pre-processed,12/26/2006,NiFTI,
I63847,941_S_1194,CN,M,85,sc,MRI,MPR; GradWarp; B1 Correction; N3; Scaled,Pre-processed,1/20/2007,NiFTI,
I66462,941_S_1197,CN,F,82,sc,MRI,MPR; GradWarp; B1 Correction; N3; Scaled,Pre-processed,1/20/2007,NiFTI,
